-- sesion1.sql: Script para la Sesión 1

-- Detener la ejecución si ocurre un error
WHENEVER SQLERROR EXIT SQL.SQLCODE;

-- Cambiar al PDB XEPDB1
ALTER SESSION SET CONTAINER = XEPDB1;

-- Crear un nuevo usuario (esquema) para el curso en el PDB
CREATE USER curso_topicos IDENTIFIED BY curso2025;

-- Otorgar privilegios necesarios al usuario
GRANT CONNECT, RESOURCE, CREATE SESSION TO curso_topicos;
GRANT CREATE TABLE, CREATE TYPE, CREATE PROCEDURE TO curso_topicos;
GRANT UNLIMITED TABLESPACE TO curso_topicos;

-- Confirmar creación
SELECT username FROM dba_users WHERE username = 'CURSO_TOPICOS';

-- Cambiar al esquema curso_topicos
ALTER SESSION SET CURRENT_SCHEMA = curso_topicos;

-- Habilitar salida de mensajes para PL/SQL
SET SERVEROUTPUT ON;

-- Crear tabla Clientes
BEGIN
    DBMS_OUTPUT.PUT_LINE('Creando tabla Clientes...');
    EXECUTE IMMEDIATE 'CREATE TABLE Clientes (
        ClienteID NUMBER PRIMARY KEY,
        Nombre VARCHAR2(50),
        Ciudad VARCHAR2(50),
        FechaNacimiento DATE
    )';
    DBMS_OUTPUT.PUT_LINE('Tabla Clientes creada.');
END;
/

-- Crear tabla Pedidos
BEGIN
    DBMS_OUTPUT.PUT_LINE('Creando tabla Pedidos...');
    EXECUTE IMMEDIATE 'CREATE TABLE Pedidos (
        PedidoID NUMBER PRIMARY KEY,
        ClienteID NUMBER,
        Total NUMBER,
        FechaPedido DATE,
        CONSTRAINT fk_pedido_cliente FOREIGN KEY (ClienteID) REFERENCES Clientes(ClienteID)
    )';
    DBMS_OUTPUT.PUT_LINE('Tabla Pedidos creada.');
END;
/

-- Crear tabla Productos
BEGIN
    DBMS_OUTPUT.PUT_LINE('Creando tabla Productos...');
    EXECUTE IMMEDIATE 'CREATE TABLE Productos (
        ProductoID NUMBER PRIMARY KEY,
        Nombre VARCHAR2(50),
        Precio NUMBER
    )';
    DBMS_OUTPUT.PUT_LINE('Tabla Productos creada.');
END;
/

-- Insertar datos en Clientes
BEGIN
    DBMS_OUTPUT.PUT_LINE('Insertando datos en Clientes...');
    INSERT INTO Clientes VALUES (1, 'Juan Perez', 'Santiago', TO_DATE('1990-05-15', 'YYYY-MM-DD'));
    INSERT INTO Clientes VALUES (2, 'María Gomez', 'Valparaiso', TO_DATE('1985-10-20', 'YYYY-MM-DD'));
    INSERT INTO Clientes VALUES (3, 'Ana Lopez', 'Santiago', TO_DATE('1995-03-10', 'YYYY-MM-DD'));
    DBMS_OUTPUT.PUT_LINE('Datos insertados en Clientes.');
END;
/

-- Insertar datos en Pedidos
BEGIN
    DBMS_OUTPUT.PUT_LINE('Insertando datos en Pedidos...');
    INSERT INTO Pedidos VALUES (101, 1, 600, TO_DATE('2025-03-01', 'YYYY-MM-DD'));
    INSERT INTO Pedidos VALUES (102, 1, 300, TO_DATE('2025-03-02', 'YYYY-MM-DD'));
    INSERT INTO Pedidos VALUES (103, 2, 800, TO_DATE('2025-03-03', 'YYYY-MM-DD'));
    DBMS_OUTPUT.PUT_LINE('Datos insertados en Pedidos.');
END;
/

-- Insertar datos en Productos
BEGIN
    DBMS_OUTPUT.PUT_LINE('Insertando datos en Productos...');
    INSERT INTO Productos VALUES (1, 'Laptop', 1200);
    INSERT INTO Productos VALUES (2, 'Mouse', 25);
    DBMS_OUTPUT.PUT_LINE('Datos insertados en Productos.');
END;
/

-- Confirmar los datos insertados antes de continuar
COMMIT;

-- Confirmar creación e inserción de datos
BEGIN
    DBMS_OUTPUT.PUT_LINE('Tablas creadas y datos insertados correctamente.');
END;
/

-- Verificar datos
SELECT * FROM Clientes;
SELECT * FROM Pedidos;
SELECT * FROM Productos;

-- Crear tabla DetallesPedidos
BEGIN
    DBMS_OUTPUT.PUT_LINE('Creando tabla DetallesPedidos...');
    EXECUTE IMMEDIATE 'CREATE TABLE DetallesPedidos (
        DetalleID NUMBER PRIMARY KEY,
        PedidoID NUMBER,
        ProductoID NUMBER,
        Cantidad NUMBER,
        CONSTRAINT fk_detalle_pedido FOREIGN KEY (PedidoID) REFERENCES Pedidos(PedidoID),
        CONSTRAINT fk_detalle_producto FOREIGN KEY (ProductoID) REFERENCES Productos(ProductoID)
    )';
    DBMS_OUTPUT.PUT_LINE('Tabla DetallesPedidos creada.');
END;
/

-- Insertar datos en DetallesPedidos
BEGIN
    DBMS_OUTPUT.PUT_LINE('Insertando datos en DetallesPedidos...');
    INSERT INTO DetallesPedidos VALUES (1, 101, 1, 2); -- Pedido 101: 2 Laptops
    INSERT INTO DetallesPedidos VALUES (2, 101, 2, 5); -- Pedido 101: 5 Mouse
    
    --Ejercicio sesion 1.1  (1 laptop, 2 mouse)

    INSERT INTO DetallesPedidos VALUES(3,102,1,1) ---creo el id 3, pedido 102, compro 1 laptop
    INSERT INTO DetallesPedidos VALUES(4,103,2,20) --- creo el id 4, pedido 103, compro 20 mouse
    INSERT INTO DetallesPedidos VALUES(5,104,1,10) ---creo el id 5, pedido 104, compro 10 laptops

    DBMS_OUTPUT.PUT_LINE('Datos insertados en DetallesPedidos.');
END;
/

-- Verificar datos
SELECT * FROM DetallesPedidos;

--SESION 2


--Realice 2 sentencias SELECT simples
SELECT Nombre, Precio FROM Productos WHERE Precio > 100;
SELECT * FROM Clientes WHERE Ciudad = 'Santiago';

--Realice 2 sentencias SELECT utilizando funciones agregadas

--suma total de ventas por cliente
SELECT ClienteID, SUM(Total) AS Gasto_Total FROM Pedidos 
GROUP BY ClienteID;

--promedio de precio de los productos
SELECT AVG(Precio) AS Precio_Promedio FROM Productos;

--Realice 2 sentencias SELECT utilizando expresiones regulares

SELECT * FROM Clientes WHERE REGEXP_LIKE(Nombre, '^(J|M)');
SELECT * FROM Productos WHERE REGEXP_LIKE(Nombre, '(o|e)$');

--Cree 2 vistas

--vista cliente con sus pedidos
CREATE OR REPLACE VIEW Vista_Pedidos_Clientes AS
SELECT c.Nombre, p.PedidoID, p.Total, p.FechaPedido FROM Clientes c
JOIN Pedidos p ON c.ClienteID = p.ClienteID;

--vista productos con bajo stock
CREATE OR REPLACE VIEW Vista_Detalle_Resumen AS
SELECT d.PedidoID, pr.Nombre AS Producto, d.Cantidad FROM DetallesPedidos d
JOIN Productos pr ON d.ProductoID = pr.ProductoID;

-- Commit final
COMMIT;
